id,source,user_segment,comment
1,Interview,New customer,"I opened my account last week and the ID verification took three tries. The photo kept getting rejected and it never told me why."
2,App store review,Long-term customer,"Face login is great. Opens in a second, I love it."
3,App store review,Long-term customer,"Face login fails every other time and then asks for my password anyway. Pointless."
4,Survey,Young professional,"Sending money to a friend takes too many steps. I just want to tap their name and type an amount."
5,Interview,Small business owner,"I can never find my monthly statements. I looked under Accounts, then Documents, then Settings. Finally Google told me."
6,App store review,Student,"App is bad."
7,Survey,Parent,"Notifications are useful for card transactions but I get way too many promo ones. I turned everything off and now I miss the important ones."
8,Interview,Senior customer,"The text is too small and the grey on white is hard to read. I need my grandson to help me pay bills."
9,Support chat,Young professional,"Where is the dark mode? Every other app I use has it."
10,Survey,Small business owner,"Transaction search only lets me search by date. I need to search by merchant or amount to reconcile my invoices."
11,App store review,Long-term customer,"Love the new look, so clean and modern. Everything is easy to find."
12,App store review,Long-term customer,"The redesign hid everything I used daily. Where did bill payments go? Had to call the bank."
13,Interview,New customer,"I was not sure if my transfer went through. The screen just closed with no confirmation and I almost sent it twice."
14,Survey,Parent,"Too many OTP codes. I get one for login, one for adding a payee, and another for the transfer itself. Feels like overkill."
15,Interview,Young professional,"I actually like the extra security steps. It makes me feel my money is safe, especially for large transfers."
16,App store review,Student,"Crashes whenever I open it on my old phone. Please fix."
17,Support chat,Senior customer,"I pressed the wrong button and sent money to the wrong person. There was no way to cancel or undo it."
18,Survey,Small business owner,"I would love to export my transactions to Excel or PDF. Right now I take screenshots, which is ridiculous."
19,Survey,Young professional,"Would be nice to see spending broken down by category, like food, transport, and bills."
20,Interview,New customer,"The app asked me to set up a savings goal during signup, but I had no idea what it was for. I skipped it and could not find it again later."
21,App store review,Parent,"The branch near my house always has a long queue and the staff were rude to me yesterday."
22,App store review,Long-term customer,"Loading is slow in the evening. The balance sometimes takes 10 seconds to show up."
23,Support chat,Student,"I could not find how to contact support inside the app. The chat button is hidden at the very bottom of the profile page."
24,Survey,Senior customer,"Please add an Urdu language option. English banking words confuse my parents."
25,Interview,Small business owner,"I manage two accounts and switching between them is confusing. I sometimes pay from the wrong one."
26,App store review,Young professional,"Great app, 5 stars."
27,Survey,Long-term customer,"The ATM near my office keeps running out of cash on Fridays."
28,Interview,Parent,"I wish I could give my teenager a limited card and control it from my app. Right now I have to share my own login details, which I do not feel good about."
29,Support chat,New customer,"Error code 4012 appeared when I tried to pay my electricity bill. No explanation, no next step."
30,Survey,Student,"Quick actions on the home screen are handy, but I cannot change which ones show up. I never use half of them."
